-- phpMyAdmin SQL Dump
-- version 5.2.1
-- https://www.phpmyadmin.net/
--
-- Host: 127.0.0.1
-- Generation Time: Jan 11, 2026 at 02:51 PM
-- Server version: 10.4.32-MariaDB
-- PHP Version: 8.2.12

SET SQL_MODE = "NO_AUTO_VALUE_ON_ZERO";
START TRANSACTION;
SET time_zone = "+00:00";


/*!40101 SET @OLD_CHARACTER_SET_CLIENT=@@CHARACTER_SET_CLIENT */;
/*!40101 SET @OLD_CHARACTER_SET_RESULTS=@@CHARACTER_SET_RESULTS */;
/*!40101 SET @OLD_COLLATION_CONNECTION=@@COLLATION_CONNECTION */;
/*!40101 SET NAMES utf8mb4 */;

--
-- Database: `bpms_db`
--

-- --------------------------------------------------------

--
-- Table structure for table `activities`
--

CREATE TABLE `activities` (
  `id` int(11) NOT NULL,
  `event_id` int(11) NOT NULL,
  `title` varchar(255) NOT NULL,
  `description` text DEFAULT NULL,
  `activity_date` date NOT NULL,
  `start_time` time NOT NULL,
  `end_time` time NOT NULL,
  `venue` varchar(255) DEFAULT NULL,
  `status` enum('Upcoming','Ongoing','Completed','Cancelled') DEFAULT 'Upcoming',
  `is_deleted` tinyint(1) DEFAULT 0,
  `created_at` timestamp NOT NULL DEFAULT current_timestamp()
) ENGINE=InnoDB DEFAULT CHARSET=utf8mb4 COLLATE=utf8mb4_general_ci;

--
-- Dumping data for table `activities`
--

INSERT INTO `activities` (`id`, `event_id`, `title`, `description`, `activity_date`, `start_time`, `end_time`, `venue`, `status`, `is_deleted`, `created_at`) VALUES
(1, 1, 'Rehearsal', 'make sure to attend!!', '2025-12-25', '15:00:00', '17:00:00', 'Covered Court', 'Upcoming', 0, '2025-12-24 02:49:33'),
(2, 1, 'Presscon', '', '2025-12-25', '16:00:00', '17:00:00', 'Main Hall', 'Upcoming', 0, '2025-12-24 02:50:37');

-- --------------------------------------------------------

--
-- Table structure for table `awards`
--

CREATE TABLE `awards` (
  `id` int(11) NOT NULL,
  `event_id` int(11) NOT NULL,
  `title` varchar(255) NOT NULL,
  `description` text DEFAULT NULL,
  `type` enum('Major','Minor','Special') DEFAULT 'Minor',
  `source_type` enum('Manual','Segment','Round','Audience') NOT NULL DEFAULT 'Manual',
  `source_id` int(11) DEFAULT NULL,
  `is_deleted` tinyint(1) DEFAULT 0,
  `created_at` timestamp NOT NULL DEFAULT current_timestamp()
) ENGINE=InnoDB DEFAULT CHARSET=utf8mb4 COLLATE=utf8mb4_general_ci;

--
-- Dumping data for table `awards`
--

INSERT INTO `awards` (`id`, `event_id`, `title`, `description`, `type`, `source_type`, `source_id`, `is_deleted`, `created_at`) VALUES
(1, 1, 'Best in Swimsuit', '', 'Major', 'Segment', 1, 0, '2025-12-24 03:02:39'),
(2, 1, 'Manual', '', 'Minor', 'Manual', NULL, 0, '2025-12-24 03:03:03'),
(3, 1, 'People\'s Choice Award', '', 'Minor', 'Audience', NULL, 0, '2025-12-24 04:11:07'),
(4, 1, 'try', '', 'Minor', 'Manual', NULL, 0, '2025-12-24 04:11:54'),
(5, 1, 'Winner', '', 'Major', 'Round', 4, 0, '2025-12-30 15:40:19');

-- --------------------------------------------------------

--
-- Table structure for table `award_winners`
--

CREATE TABLE `award_winners` (
  `id` int(11) NOT NULL,
  `award_id` int(11) NOT NULL,
  `contestant_id` int(11) NOT NULL,
  `event_id` int(11) NOT NULL,
  `won_at` timestamp NOT NULL DEFAULT current_timestamp()
) ENGINE=InnoDB DEFAULT CHARSET=utf8mb4 COLLATE=utf8mb4_general_ci;

-- --------------------------------------------------------

--
-- Table structure for table `contestant_details`
--

CREATE TABLE `contestant_details` (
  `id` int(11) NOT NULL,
  `user_id` int(11) NOT NULL,
  `event_id` int(11) NOT NULL,
  `contestant_number` int(11) DEFAULT NULL,
  `age` int(11) DEFAULT NULL,
  `height` decimal(5,2) DEFAULT NULL,
  `vital_stats` varchar(50) DEFAULT NULL,
  `hometown` varchar(100) DEFAULT NULL,
  `motto` text DEFAULT NULL,
  `photo` varchar(255) DEFAULT 'default_contestant.png',
  `is_deleted` tinyint(1) NOT NULL DEFAULT 0,
  `status` enum('Active','Qualified','Eliminated') DEFAULT 'Active'
) ENGINE=InnoDB DEFAULT CHARSET=utf8mb4 COLLATE=utf8mb4_general_ci;

--
-- Dumping data for table `contestant_details`
--

INSERT INTO `contestant_details` (`id`, `user_id`, `event_id`, `contestant_number`, `age`, `height`, `vital_stats`, `hometown`, `motto`, `photo`, `is_deleted`, `status`) VALUES
(1, 6, 1, NULL, 22, 5.00, '34-34-34', 'Old Rizal', 'Life is good', 'contestant_1766487029.png', 1, 'Eliminated'),
(2, 7, 1, 1, 24, 170.00, '34-34-34', 'Old Rizal', 'Life is goodssss', 'contestant_7_1766965637.png', 0, 'Eliminated'),
(3, 8, 1, 2, 22, 170.00, '34-24-65', 'Old Rizal', 'Life is life', 'contestant_1766499272.png', 0, 'Eliminated'),
(4, 9, 1, NULL, 24, 160.00, '34-26-56', 'Arellano', 'Life is Good', 'contestant_1766500523.png', 0, 'Eliminated'),
(5, 13, 1, NULL, 23, 170.00, '34-24-65', 'Old Rizal', 'Life is not lifing', 'contestant_1766739429.png', 0, 'Eliminated'),
(6, 22, 6, 1, 21, NULL, NULL, 'Demo City', 'Beauty with a Purpose', 'default_contestant.png', 0, 'Active'),
(7, 29, 1, NULL, 24, 170.00, '34-24-65', 'Catarman', 'kick ass', 'contestant_1767104506.png', 0, 'Eliminated'),
(8, 30, 1, NULL, 24, 170.00, '34-26-56', 'Catarman', 'Life is a Fashion show', 'contestant_1767104587.png', 0, 'Qualified');

-- --------------------------------------------------------

--
-- Table structure for table `criteria`
--

CREATE TABLE `criteria` (
  `id` int(11) NOT NULL,
  `segment_id` int(11) NOT NULL,
  `title` varchar(100) NOT NULL,
  `description` text DEFAULT NULL,
  `max_score` decimal(5,2) DEFAULT 100.00,
  `ordering` int(11) NOT NULL
) ENGINE=InnoDB DEFAULT CHARSET=utf8mb4 COLLATE=utf8mb4_general_ci;

--
-- Dumping data for table `criteria`
--

INSERT INTO `criteria` (`id`, `segment_id`, `title`, `description`, `max_score`, `ordering`) VALUES
(1, 1, 'Confidence and Poise', 'Assesses self-assurance, posture, and how comfortably the contestant carries themselves on stage', 40.00, 1),
(2, 1, 'Stage Presence and Walk', 'Evaluates runway walk, coordination, eye contact, and overall command on the stage.', 35.00, 2),
(3, 1, 'Overall Presentation', 'Considers grooming, suitable of swimsuit, and how well a contestant presents a polished and balance appearance', 25.00, 3),
(5, 2, 'Energy and Enthusiasm', 'Displays liveliness and performance drive', 35.00, 1),
(6, 2, 'Timing and Coordination', 'Accuracy of movements and synchronization', 35.00, 2),
(7, 2, 'Stage Presence', 'Projection, confidence, and audience engagement.', 30.00, 3),
(8, 3, 'Grace and Poise', 'Composure, posture, and elegance.', 40.00, 1),
(9, 3, 'Walk and Carriage', 'Smoothness and control in movement', 35.00, 2),
(10, 3, 'Overall Apperance', 'Gown suitability, grooming, and total look', 25.00, 3),
(11, 4, 'Stage Confidence', 'Command and Self-assurance', 40.00, 1),
(12, 4, 'Creativity and Expression', 'Originality and emotional impact', 30.00, 2),
(13, 4, 'Overall Presentation', 'Cohesion and Polish', 30.00, 3),
(14, 5, 'Styling and Grooming', 'Appropriateness and refinement', 40.00, 1),
(15, 5, 'Poise and Carriage', 'Grace and Body Awareness', 30.00, 2),
(16, 5, 'Visual Impact', 'Overall aesthetic impression', 30.00, 3),
(17, 6, 'Content of Answer', 'Depth and Relevance', 40.00, 1),
(18, 6, 'Clarity and Articulation', 'Effective Communication', 30.00, 2),
(19, 6, 'Personality and Sincerity', 'Authentic presence', 30.00, 3),
(20, 7, 'Depth and Insight', 'Thoughtfulness, logic, and relevance of ideas', 30.00, 1),
(21, 7, 'Communication Skills', 'Clarity, confidence, and articulation', 30.00, 2),
(22, 7, 'Authenticity and Conviction', 'Sincerity and personal belief', 20.00, 3),
(23, 7, 'Overall Impact', 'Memorable', 20.00, 4);

-- --------------------------------------------------------

--
-- Table structure for table `events`
--

CREATE TABLE `events` (
  `id` int(11) NOT NULL,
  `user_id` int(11) NOT NULL,
  `name` varchar(255) NOT NULL,
  `event_date` date NOT NULL,
  `venue` varchar(255) NOT NULL,
  `created_at` timestamp NOT NULL DEFAULT current_timestamp(),
  `status` enum('Active','Inactive') DEFAULT 'Inactive',
  `is_deleted` tinyint(1) DEFAULT 0
) ENGINE=InnoDB DEFAULT CHARSET=utf8mb4 COLLATE=utf8mb4_general_ci;

--
-- Dumping data for table `events`
--

INSERT INTO `events` (`id`, `user_id`, `name`, `event_date`, `venue`, `created_at`, `status`, `is_deleted`) VALUES
(1, 1, 'Mutya San Old Rizal', '2026-01-10', 'Brgy. Old Rizal', '2025-12-23 01:19:48', 'Inactive', 0),
(2, 1, 'UEP Beauty Pageant', '2025-12-23', 'UEP', '2025-12-23 01:20:28', 'Active', 0),
(3, 1, 'Miss Gay', '2025-12-31', 'Brgy. Old Rizal', '2025-12-23 04:01:53', 'Inactive', 1),
(4, 1, 'Catarman Miss Gay', '2025-12-30', 'Catarman', '2025-12-27 15:22:05', 'Inactive', 0),
(5, 1, 'UEP Miss Gay', '2026-01-01', 'UEP', '2025-12-27 15:28:08', 'Inactive', 1),
(6, 17, 'Research Demo Pageant', '2025-12-29', 'Online Demo Hall', '2025-12-28 16:28:02', 'Active', 0);

-- --------------------------------------------------------

--
-- Table structure for table `event_judges`
--

CREATE TABLE `event_judges` (
  `id` int(11) NOT NULL,
  `event_id` int(11) NOT NULL,
  `judge_id` int(11) NOT NULL,
  `is_chairman` tinyint(1) DEFAULT 0,
  `created_at` timestamp NOT NULL DEFAULT current_timestamp(),
  `status` enum('Active','Inactive') DEFAULT 'Active',
  `is_deleted` tinyint(1) NOT NULL DEFAULT 0
) ENGINE=InnoDB DEFAULT CHARSET=utf8mb4 COLLATE=utf8mb4_general_ci;

--
-- Dumping data for table `event_judges`
--

INSERT INTO `event_judges` (`id`, `event_id`, `judge_id`, `is_chairman`, `created_at`, `status`, `is_deleted`) VALUES
(1, 1, 10, 1, '2025-12-23 15:09:32', 'Active', 0),
(2, 1, 11, 0, '2025-12-23 15:10:17', 'Active', 0),
(3, 1, 12, 0, '2025-12-25 01:53:43', 'Active', 0),
(4, 1, 15, 0, '2025-12-26 15:24:22', 'Active', 0),
(5, 6, 21, 0, '2025-12-28 16:28:02', 'Active', 0),
(6, 2, 31, 1, '2025-12-31 05:24:40', 'Active', 0),
(10, 2, 10, 0, '2026-01-10 15:02:27', 'Active', 0),
(11, 2, 11, 0, '2026-01-10 15:44:22', 'Active', 0),
(12, 2, 15, 0, '2026-01-10 15:54:58', 'Inactive', 0),
(13, 2, 12, 0, '2026-01-10 15:58:08', 'Active', 0);

-- --------------------------------------------------------

--
-- Table structure for table `event_organizers`
--

CREATE TABLE `event_organizers` (
  `id` int(11) NOT NULL,
  `event_id` int(11) NOT NULL,
  `user_id` int(11) NOT NULL,
  `status` enum('Active','Inactive') DEFAULT 'Active',
  `created_at` timestamp NOT NULL DEFAULT current_timestamp(),
  `is_deleted` tinyint(1) NOT NULL DEFAULT 0
) ENGINE=InnoDB DEFAULT CHARSET=utf8mb4 COLLATE=utf8mb4_general_ci;

--
-- Dumping data for table `event_organizers`
--

INSERT INTO `event_organizers` (`id`, `event_id`, `user_id`, `status`, `created_at`, `is_deleted`) VALUES
(1, 1, 2, 'Active', '2025-12-23 15:45:02', 0),
(2, 1, 3, 'Inactive', '2025-12-23 15:46:00', 1),
(3, 1, 4, 'Active', '2025-12-23 15:46:42', 0),
(4, 1, 5, 'Active', '2025-12-23 15:47:56', 0),
(5, 1, 1, 'Active', '2025-12-23 16:15:20', 0),
(6, 1, 14, 'Active', '2025-12-26 09:42:44', 0),
(7, 6, 18, 'Active', '2025-12-28 16:28:02', 0),
(8, 6, 19, 'Active', '2025-12-28 16:28:02', 0),
(9, 6, 20, 'Active', '2025-12-28 16:28:02', 0);

-- --------------------------------------------------------

--
-- Table structure for table `judge_round_status`
--

CREATE TABLE `judge_round_status` (
  `id` int(11) NOT NULL,
  `round_id` int(11) NOT NULL,
  `judge_id` int(11) NOT NULL,
  `status` enum('Pending','In Progress','Submitted') DEFAULT 'Pending',
  `submitted_at` timestamp NULL DEFAULT NULL
) ENGINE=InnoDB DEFAULT CHARSET=utf8mb4 COLLATE=utf8mb4_general_ci;

--
-- Dumping data for table `judge_round_status`
--

INSERT INTO `judge_round_status` (`id`, `round_id`, `judge_id`, `status`, `submitted_at`) VALUES
(2, 1, 10, 'Submitted', '2025-12-30 14:26:48'),
(3, 1, 12, 'Submitted', '2025-12-30 14:30:24'),
(8, 1, 15, 'Submitted', '2025-12-30 14:33:28'),
(9, 1, 11, 'Submitted', '2025-12-30 14:28:48'),
(17, 2, 10, 'Submitted', '2025-12-30 15:05:28'),
(18, 2, 11, 'Submitted', '2025-12-30 15:10:50'),
(19, 2, 12, 'Submitted', '2025-12-30 15:13:05'),
(20, 2, 15, 'Submitted', '2025-12-30 15:14:51'),
(21, 4, 10, 'Submitted', '2025-12-30 15:33:03'),
(22, 4, 11, 'Submitted', '2025-12-30 15:20:22'),
(23, 4, 12, 'Submitted', '2025-12-30 15:21:32'),
(24, 4, 15, 'Submitted', '2025-12-30 15:22:23');

-- --------------------------------------------------------

--
-- Table structure for table `rounds`
--

CREATE TABLE `rounds` (
  `id` int(11) NOT NULL,
  `event_id` int(11) NOT NULL,
  `title` varchar(100) NOT NULL,
  `ordering` int(11) NOT NULL,
  `status` enum('Pending','Active','Completed') DEFAULT 'Pending',
  `advancement_rule` enum('top_n','winner') DEFAULT 'top_n',
  `contestants_to_advance` int(11) DEFAULT 5
) ENGINE=InnoDB DEFAULT CHARSET=utf8mb4 COLLATE=utf8mb4_general_ci;

--
-- Dumping data for table `rounds`
--

INSERT INTO `rounds` (`id`, `event_id`, `title`, `ordering`, `status`, `advancement_rule`, `contestants_to_advance`) VALUES
(1, 1, 'Preliminary Round', 1, 'Completed', 'top_n', 5),
(2, 1, 'Semifinal Round', 2, 'Completed', 'top_n', 3),
(4, 1, 'Final Round', 3, 'Active', 'winner', 1),
(8, 2, 'Prelim', 1, 'Pending', 'top_n', 5);

-- --------------------------------------------------------

--
-- Table structure for table `round_rankings`
--

CREATE TABLE `round_rankings` (
  `id` int(11) NOT NULL,
  `round_id` int(11) NOT NULL,
  `contestant_id` int(11) NOT NULL,
  `total_score` decimal(10,4) NOT NULL,
  `rank` int(11) NOT NULL,
  `locked_at` timestamp NOT NULL DEFAULT current_timestamp()
) ENGINE=InnoDB DEFAULT CHARSET=utf8mb4 COLLATE=utf8mb4_general_ci;

--
-- Dumping data for table `round_rankings`
--

INSERT INTO `round_rankings` (`id`, `round_id`, `contestant_id`, `total_score`, `rank`, `locked_at`) VALUES
(100, 1, 8, 89.5500, 1, '2025-12-30 14:34:18'),
(101, 1, 7, 88.4300, 2, '2025-12-30 14:34:18'),
(102, 1, 5, 87.6800, 3, '2025-12-30 14:34:18'),
(103, 1, 4, 86.5000, 4, '2025-12-30 14:34:18'),
(104, 1, 3, 84.9300, 5, '2025-12-30 14:34:18'),
(105, 1, 2, 81.2500, 6, '2025-12-30 14:34:18'),
(106, 2, 7, 82.2600, 1, '2025-12-30 15:14:59'),
(107, 2, 4, 80.0400, 2, '2025-12-30 15:14:59'),
(108, 2, 8, 78.7900, 3, '2025-12-30 15:14:59'),
(109, 2, 3, 76.5600, 4, '2025-12-30 15:14:59'),
(110, 2, 5, 70.0500, 5, '2025-12-30 15:14:59'),
(114, 4, 8, 90.2500, 1, '2025-12-30 15:33:12'),
(115, 4, 4, 90.0000, 2, '2025-12-30 15:33:12'),
(116, 4, 7, 85.0000, 3, '2025-12-30 15:33:12');

-- --------------------------------------------------------

--
-- Table structure for table `scores`
--

CREATE TABLE `scores` (
  `id` int(11) NOT NULL,
  `round_id` int(11) NOT NULL,
  `segment_id` int(11) NOT NULL,
  `criteria_id` int(11) NOT NULL,
  `judge_id` int(11) NOT NULL,
  `contestant_id` int(11) NOT NULL,
  `score_value` decimal(5,2) NOT NULL,
  `created_at` timestamp NOT NULL DEFAULT current_timestamp()
) ENGINE=InnoDB DEFAULT CHARSET=utf8mb4 COLLATE=utf8mb4_general_ci;

--
-- Dumping data for table `scores`
--

INSERT INTO `scores` (`id`, `round_id`, `segment_id`, `criteria_id`, `judge_id`, `contestant_id`, `score_value`, `created_at`) VALUES
(1, 1, 1, 1, 11, 7, 30.00, '2025-12-24 16:41:56'),
(8, 1, 1, 2, 11, 7, 20.00, '2025-12-24 16:42:48'),
(13, 1, 1, 3, 11, 7, 23.00, '2025-12-24 16:42:50'),
(17, 1, 1, 1, 11, 8, 30.00, '2025-12-24 16:42:58'),
(20, 1, 1, 2, 11, 8, 30.00, '2025-12-24 16:43:03'),
(25, 1, 1, 3, 11, 8, 22.00, '2025-12-24 16:43:05'),
(29, 1, 2, 5, 11, 7, 32.00, '2025-12-24 16:43:13'),
(32, 1, 2, 6, 11, 7, 20.00, '2025-12-24 16:43:18'),
(41, 1, 2, 7, 11, 7, 20.00, '2025-12-24 16:43:21'),
(51, 1, 2, 5, 11, 8, 34.00, '2025-12-24 16:43:25'),
(72, 1, 2, 6, 11, 8, 34.00, '2025-12-24 16:43:40'),
(79, 1, 2, 7, 11, 8, 29.00, '2025-12-24 16:43:42'),
(110, 1, 3, 8, 11, 7, 34.00, '2025-12-24 16:44:15'),
(113, 1, 3, 9, 11, 7, 21.00, '2025-12-24 16:44:18'),
(118, 1, 3, 10, 11, 7, 22.00, '2025-12-24 16:44:21'),
(122, 1, 3, 10, 11, 8, 22.00, '2025-12-24 16:44:28'),
(124, 1, 3, 9, 11, 8, 24.00, '2025-12-24 16:44:30'),
(128, 1, 3, 8, 11, 8, 34.00, '2025-12-24 16:44:33'),
(134, 1, 1, 1, 10, 7, 34.00, '2025-12-24 17:28:17'),
(140, 1, 1, 2, 10, 7, 34.00, '2025-12-24 17:28:23'),
(145, 1, 1, 3, 10, 7, 22.00, '2025-12-24 17:28:25'),
(149, 1, 1, 2, 10, 8, 30.00, '2025-12-24 17:28:30'),
(153, 1, 1, 3, 10, 8, 20.00, '2025-12-24 17:28:36'),
(159, 1, 1, 1, 10, 8, 34.00, '2025-12-24 17:28:43'),
(165, 1, 2, 5, 10, 7, 30.00, '2025-12-24 17:28:50'),
(168, 1, 2, 6, 10, 7, 20.00, '2025-12-24 17:28:53'),
(173, 1, 2, 7, 10, 7, 20.00, '2025-12-24 17:28:56'),
(177, 1, 2, 6, 10, 8, 25.00, '2025-12-24 17:29:04'),
(180, 1, 2, 7, 10, 8, 24.00, '2025-12-24 17:29:07'),
(183, 1, 2, 5, 10, 8, 26.00, '2025-12-24 17:29:11'),
(189, 1, 3, 9, 10, 7, 23.00, '2025-12-24 17:29:22'),
(192, 1, 3, 10, 10, 7, 22.00, '2025-12-24 17:29:25'),
(195, 1, 3, 8, 10, 7, 34.00, '2025-12-24 17:29:29'),
(206, 1, 3, 9, 10, 8, 30.00, '2025-12-24 17:29:36'),
(210, 1, 3, 10, 10, 8, 23.00, '2025-12-24 17:29:40'),
(213, 1, 3, 8, 10, 8, 32.00, '2025-12-24 17:29:44'),
(219, 1, 1, 1, 12, 7, 23.00, '2025-12-25 01:55:37'),
(221, 1, 1, 2, 12, 7, 32.00, '2025-12-25 01:55:41'),
(224, 1, 1, 3, 12, 7, 22.00, '2025-12-25 01:55:45'),
(225, 1, 1, 1, 12, 8, 34.00, '2025-12-25 01:56:04'),
(227, 1, 1, 2, 12, 8, 24.00, '2025-12-25 01:56:06'),
(230, 1, 1, 3, 12, 8, 22.00, '2025-12-25 01:56:09'),
(231, 1, 2, 5, 12, 7, 34.00, '2025-12-25 01:56:14'),
(233, 1, 2, 6, 12, 7, 32.00, '2025-12-25 01:56:17'),
(236, 1, 2, 7, 12, 7, 20.00, '2025-12-25 01:56:25'),
(237, 1, 2, 5, 12, 8, 33.00, '2025-12-25 01:56:29'),
(239, 1, 2, 6, 12, 8, 33.00, '2025-12-25 01:56:31'),
(242, 1, 2, 7, 12, 8, 23.00, '2025-12-25 01:56:37'),
(243, 1, 3, 8, 12, 7, 34.00, '2025-12-25 01:56:43'),
(245, 1, 3, 9, 12, 7, 34.00, '2025-12-25 01:56:46'),
(248, 1, 3, 10, 12, 7, 23.00, '2025-12-25 01:56:48'),
(249, 1, 3, 8, 12, 8, 34.00, '2025-12-25 01:56:52'),
(251, 1, 3, 9, 12, 8, 34.00, '2025-12-25 01:56:55'),
(254, 1, 3, 10, 12, 8, 22.00, '2025-12-25 01:56:57'),
(255, 1, 1, 1, 11, 9, 30.00, '2025-12-29 02:20:50'),
(257, 1, 1, 2, 11, 9, 30.00, '2025-12-29 02:20:53'),
(260, 1, 1, 3, 11, 9, 25.00, '2025-12-29 02:21:01'),
(261, 1, 2, 5, 11, 9, 30.00, '2025-12-29 02:21:08'),
(263, 1, 2, 6, 11, 9, 30.00, '2025-12-29 02:21:10'),
(266, 1, 2, 7, 11, 9, 30.00, '2025-12-29 02:21:13'),
(267, 1, 3, 8, 11, 9, 30.00, '2025-12-29 02:21:17'),
(269, 1, 3, 9, 11, 9, 30.00, '2025-12-29 02:21:21'),
(272, 1, 3, 10, 11, 9, 25.00, '2025-12-29 02:21:24'),
(273, 1, 1, 1, 15, 7, 30.00, '2025-12-29 02:24:39'),
(275, 1, 1, 2, 15, 7, 30.00, '2025-12-29 02:24:42'),
(278, 1, 1, 3, 15, 7, 25.00, '2025-12-29 02:24:45'),
(279, 1, 1, 1, 15, 8, 30.00, '2025-12-29 02:24:50'),
(281, 1, 1, 2, 15, 8, 30.00, '2025-12-29 02:24:52'),
(284, 1, 1, 3, 15, 8, 25.00, '2025-12-29 02:24:58'),
(285, 1, 1, 1, 15, 9, 30.00, '2025-12-29 02:25:04'),
(287, 1, 1, 2, 15, 9, 30.00, '2025-12-29 02:25:06'),
(290, 1, 1, 3, 15, 9, 25.00, '2025-12-29 02:25:08'),
(291, 1, 2, 5, 15, 7, 30.00, '2025-12-29 02:25:15'),
(293, 1, 2, 6, 15, 7, 30.00, '2025-12-29 02:25:17'),
(296, 1, 2, 7, 15, 7, 30.00, '2025-12-29 02:25:21'),
(297, 1, 2, 5, 15, 8, 30.00, '2025-12-29 02:25:33'),
(299, 1, 2, 6, 15, 8, 30.00, '2025-12-29 02:25:34'),
(302, 1, 2, 7, 15, 8, 30.00, '2025-12-29 02:25:42'),
(303, 1, 2, 5, 15, 9, 30.00, '2025-12-29 02:25:49'),
(305, 1, 2, 6, 15, 9, 30.00, '2025-12-29 02:25:50'),
(308, 1, 2, 7, 15, 9, 30.00, '2025-12-29 02:25:53'),
(309, 1, 3, 8, 15, 7, 30.00, '2025-12-29 02:25:58'),
(311, 1, 3, 9, 15, 7, 30.00, '2025-12-29 02:26:00'),
(314, 1, 3, 10, 15, 7, 25.00, '2025-12-29 02:26:02'),
(315, 1, 3, 9, 15, 8, 30.00, '2025-12-29 02:26:06'),
(317, 1, 3, 10, 15, 8, 25.00, '2025-12-29 02:26:09'),
(318, 1, 3, 8, 15, 8, 30.00, '2025-12-29 02:26:12'),
(321, 1, 3, 8, 15, 9, 30.00, '2025-12-29 02:26:16'),
(323, 1, 3, 9, 15, 9, 30.00, '2025-12-29 02:26:18'),
(326, 1, 3, 10, 15, 9, 25.00, '2025-12-29 02:26:20'),
(327, 1, 1, 1, 10, 9, 30.00, '2025-12-29 03:57:54'),
(329, 1, 1, 2, 10, 9, 30.00, '2025-12-29 03:57:56'),
(332, 1, 1, 3, 10, 9, 25.00, '2025-12-29 03:57:58'),
(333, 1, 2, 5, 10, 9, 30.00, '2025-12-29 03:58:03'),
(335, 1, 2, 6, 10, 9, 30.00, '2025-12-29 03:58:05'),
(338, 1, 2, 7, 10, 9, 30.00, '2025-12-29 03:58:07'),
(339, 1, 3, 10, 10, 9, 25.00, '2025-12-29 03:58:11'),
(340, 1, 3, 9, 10, 9, 30.00, '2025-12-29 03:58:13'),
(342, 1, 3, 8, 10, 9, 30.00, '2025-12-29 03:58:16'),
(345, 1, 1, 1, 12, 9, 30.00, '2025-12-29 03:59:28'),
(347, 1, 1, 2, 12, 9, 30.00, '2025-12-29 03:59:30'),
(350, 1, 1, 3, 12, 9, 25.00, '2025-12-29 03:59:32'),
(351, 1, 2, 7, 12, 9, 30.00, '2025-12-29 03:59:36'),
(352, 1, 2, 6, 12, 9, 30.00, '2025-12-29 03:59:38'),
(354, 1, 2, 5, 12, 9, 30.00, '2025-12-29 03:59:40'),
(357, 1, 3, 8, 12, 9, 30.00, '2025-12-29 03:59:43'),
(359, 1, 3, 9, 12, 9, 30.00, '2025-12-29 03:59:45'),
(362, 1, 3, 10, 12, 9, 25.00, '2025-12-29 03:59:47'),
(363, 1, 1, 1, 10, 13, 30.00, '2025-12-30 14:25:16'),
(365, 1, 1, 2, 10, 13, 30.00, '2025-12-30 14:25:18'),
(368, 1, 1, 3, 10, 13, 25.00, '2025-12-30 14:25:25'),
(369, 1, 1, 1, 10, 29, 30.00, '2025-12-30 14:25:30'),
(371, 1, 1, 2, 10, 29, 30.00, '2025-12-30 14:25:32'),
(374, 1, 1, 3, 10, 29, 25.00, '2025-12-30 14:25:35'),
(375, 1, 1, 1, 10, 30, 30.00, '2025-12-30 14:25:39'),
(377, 1, 1, 2, 10, 30, 30.00, '2025-12-30 14:25:42'),
(380, 1, 1, 3, 10, 30, 25.00, '2025-12-30 14:25:44'),
(381, 1, 2, 5, 10, 13, 30.00, '2025-12-30 14:25:50'),
(383, 1, 2, 6, 10, 13, 30.00, '2025-12-30 14:25:52'),
(386, 1, 2, 7, 10, 13, 30.00, '2025-12-30 14:25:55'),
(387, 1, 2, 5, 10, 29, 30.00, '2025-12-30 14:25:59'),
(389, 1, 2, 6, 10, 29, 30.00, '2025-12-30 14:26:02'),
(392, 1, 2, 7, 10, 29, 30.00, '2025-12-30 14:26:04'),
(393, 1, 2, 5, 10, 30, 30.00, '2025-12-30 14:26:08'),
(395, 1, 2, 6, 10, 30, 30.00, '2025-12-30 14:26:10'),
(398, 1, 2, 7, 10, 30, 30.00, '2025-12-30 14:26:15'),
(399, 1, 3, 8, 10, 13, 30.00, '2025-12-30 14:26:21'),
(401, 1, 3, 9, 10, 13, 30.00, '2025-12-30 14:26:23'),
(404, 1, 3, 10, 10, 13, 25.00, '2025-12-30 14:26:26'),
(405, 1, 3, 10, 10, 29, 25.00, '2025-12-30 14:26:30'),
(406, 1, 3, 9, 10, 29, 30.00, '2025-12-30 14:26:32'),
(408, 1, 3, 8, 10, 29, 30.00, '2025-12-30 14:26:35'),
(411, 1, 3, 8, 10, 30, 30.00, '2025-12-30 14:26:38'),
(413, 1, 3, 9, 10, 30, 30.00, '2025-12-30 14:26:40'),
(416, 1, 3, 10, 10, 30, 25.00, '2025-12-30 14:26:43'),
(417, 1, 1, 2, 11, 13, 30.00, '2025-12-30 14:27:14'),
(419, 1, 1, 3, 11, 13, 25.00, '2025-12-30 14:27:16'),
(420, 1, 1, 1, 11, 13, 30.00, '2025-12-30 14:27:28'),
(423, 1, 1, 1, 11, 29, 30.00, '2025-12-30 14:27:32'),
(425, 1, 1, 2, 11, 29, 30.00, '2025-12-30 14:27:34'),
(428, 1, 1, 3, 11, 29, 25.00, '2025-12-30 14:27:35'),
(429, 1, 2, 6, 11, 29, 30.00, '2025-12-30 14:27:38'),
(431, 1, 2, 7, 11, 29, 30.00, '2025-12-30 14:27:40'),
(432, 1, 2, 5, 11, 29, 30.00, '2025-12-30 14:27:44'),
(435, 1, 3, 8, 11, 29, 30.00, '2025-12-30 14:27:46'),
(437, 1, 3, 9, 11, 29, 30.00, '2025-12-30 14:27:48'),
(440, 1, 3, 10, 11, 29, 25.00, '2025-12-30 14:27:53'),
(441, 1, 3, 10, 11, 13, 25.00, '2025-12-30 14:28:00'),
(442, 1, 3, 9, 11, 13, 34.00, '2025-12-30 14:28:05'),
(444, 1, 3, 8, 11, 13, 35.00, '2025-12-30 14:28:09'),
(447, 1, 2, 5, 11, 13, 23.00, '2025-12-30 14:28:13'),
(449, 1, 2, 6, 11, 13, 32.00, '2025-12-30 14:28:16'),
(452, 1, 2, 7, 11, 13, 30.00, '2025-12-30 14:28:21'),
(453, 1, 1, 3, 11, 30, 23.00, '2025-12-30 14:28:26'),
(454, 1, 1, 2, 11, 30, 32.00, '2025-12-30 14:28:29'),
(456, 1, 1, 1, 11, 30, 35.00, '2025-12-30 14:28:32'),
(459, 1, 2, 5, 11, 30, 32.00, '2025-12-30 14:28:34'),
(461, 1, 2, 6, 11, 30, 34.00, '2025-12-30 14:28:36'),
(464, 1, 2, 7, 11, 30, 24.00, '2025-12-30 14:28:38'),
(465, 1, 3, 8, 11, 30, 34.00, '2025-12-30 14:28:40'),
(467, 1, 3, 9, 11, 30, 32.00, '2025-12-30 14:28:42'),
(470, 1, 3, 10, 11, 30, 22.00, '2025-12-30 14:28:44'),
(471, 1, 1, 1, 12, 13, 34.00, '2025-12-30 14:29:12'),
(473, 1, 1, 2, 12, 13, 32.00, '2025-12-30 14:29:14'),
(476, 1, 1, 3, 12, 13, 25.00, '2025-12-30 14:29:17'),
(477, 1, 2, 7, 12, 13, 23.00, '2025-12-30 14:29:20'),
(478, 1, 2, 6, 12, 13, 22.00, '2025-12-30 14:29:22'),
(480, 1, 2, 5, 12, 13, 33.00, '2025-12-30 14:29:24'),
(483, 1, 3, 8, 12, 13, 33.00, '2025-12-30 14:29:26'),
(485, 1, 3, 9, 12, 13, 23.00, '2025-12-30 14:29:28'),
(488, 1, 3, 10, 12, 13, 25.00, '2025-12-30 14:29:31'),
(489, 1, 3, 10, 12, 29, 23.00, '2025-12-30 14:29:36'),
(490, 1, 3, 9, 12, 29, 33.00, '2025-12-30 14:29:38'),
(492, 1, 3, 8, 12, 29, 34.00, '2025-12-30 14:29:40'),
(495, 1, 2, 5, 12, 29, 34.00, '2025-12-30 14:29:43'),
(497, 1, 2, 6, 12, 29, 33.00, '2025-12-30 14:29:45'),
(500, 1, 2, 7, 12, 29, 24.00, '2025-12-30 14:29:47'),
(501, 1, 1, 1, 12, 29, 34.00, '2025-12-30 14:29:50'),
(503, 1, 1, 2, 12, 29, 32.00, '2025-12-30 14:29:51'),
(506, 1, 1, 3, 12, 29, 24.00, '2025-12-30 14:29:55'),
(507, 1, 1, 1, 12, 30, 34.00, '2025-12-30 14:29:59'),
(509, 1, 1, 2, 12, 30, 23.00, '2025-12-30 14:30:01'),
(512, 1, 1, 3, 12, 30, 25.00, '2025-12-30 14:30:03'),
(513, 1, 2, 5, 12, 30, 23.00, '2025-12-30 14:30:06'),
(515, 1, 2, 6, 12, 30, 32.00, '2025-12-30 14:30:08'),
(518, 1, 2, 7, 12, 30, 26.00, '2025-12-30 14:30:10'),
(519, 1, 3, 8, 12, 30, 34.00, '2025-12-30 14:30:14'),
(521, 1, 3, 9, 12, 30, 35.00, '2025-12-30 14:30:16'),
(524, 1, 3, 10, 12, 30, 25.00, '2025-12-30 14:30:19'),
(525, 1, 1, 1, 15, 13, 34.00, '2025-12-30 14:31:39'),
(527, 1, 1, 2, 15, 13, 33.00, '2025-12-30 14:31:41'),
(530, 1, 1, 3, 15, 13, 23.00, '2025-12-30 14:31:46'),
(531, 1, 2, 5, 15, 13, 23.00, '2025-12-30 14:31:49'),
(533, 1, 2, 6, 15, 13, 35.00, '2025-12-30 14:31:51'),
(536, 1, 2, 7, 15, 13, 30.00, '2025-12-30 14:31:58'),
(537, 1, 3, 8, 15, 13, 40.00, '2025-12-30 14:32:01'),
(539, 1, 3, 9, 15, 13, 35.00, '2025-12-30 14:32:04'),
(542, 1, 3, 10, 15, 13, 25.00, '2025-12-30 14:32:09'),
(543, 1, 1, 1, 15, 29, 23.00, '2025-12-30 14:32:22'),
(545, 1, 1, 2, 15, 29, 34.00, '2025-12-30 14:32:24'),
(548, 1, 1, 3, 15, 29, 25.00, '2025-12-30 14:32:26'),
(549, 1, 2, 5, 15, 29, 35.00, '2025-12-30 14:32:29'),
(551, 1, 2, 6, 15, 29, 35.00, '2025-12-30 14:32:30'),
(554, 1, 2, 7, 15, 29, 30.00, '2025-12-30 14:32:33'),
(555, 1, 3, 10, 15, 29, 23.00, '2025-12-30 14:32:38'),
(556, 1, 3, 9, 15, 29, 35.00, '2025-12-30 14:32:40'),
(558, 1, 3, 8, 15, 29, 34.00, '2025-12-30 14:32:43'),
(561, 1, 1, 1, 15, 30, 40.00, '2025-12-30 14:32:53'),
(563, 1, 1, 2, 15, 30, 35.00, '2025-12-30 14:32:56'),
(566, 1, 1, 3, 15, 30, 25.00, '2025-12-30 14:32:59'),
(567, 1, 2, 6, 15, 30, 35.00, '2025-12-30 14:33:04'),
(569, 1, 2, 7, 15, 30, 30.00, '2025-12-30 14:33:07'),
(570, 1, 2, 5, 15, 30, 25.00, '2025-12-30 14:33:13'),
(573, 1, 3, 8, 15, 30, 40.00, '2025-12-30 14:33:16'),
(575, 1, 3, 9, 15, 30, 35.00, '2025-12-30 14:33:17'),
(578, 1, 3, 10, 15, 30, 25.00, '2025-12-30 14:33:23'),
(579, 2, 4, 11, 10, 9, 23.00, '2025-12-30 15:03:18'),
(581, 2, 4, 12, 10, 9, 30.00, '2025-12-30 15:03:20'),
(584, 2, 4, 13, 10, 9, 23.00, '2025-12-30 15:03:22'),
(585, 2, 5, 14, 10, 9, 34.00, '2025-12-30 15:03:24'),
(587, 2, 5, 15, 10, 9, 23.00, '2025-12-30 15:03:26'),
(590, 2, 5, 16, 10, 9, 30.00, '2025-12-30 15:03:29'),
(591, 2, 6, 17, 10, 9, 34.00, '2025-12-30 15:03:32'),
(593, 2, 6, 18, 10, 9, 25.00, '2025-12-30 15:03:35'),
(596, 2, 6, 19, 10, 9, 30.00, '2025-12-30 15:03:38'),
(597, 2, 6, 17, 10, 13, 20.00, '2025-12-30 15:03:51'),
(599, 2, 6, 18, 10, 13, 20.00, '2025-12-30 15:03:53'),
(602, 2, 6, 19, 10, 13, 20.00, '2025-12-30 15:03:56'),
(603, 2, 5, 16, 10, 13, 20.00, '2025-12-30 15:03:59'),
(604, 2, 5, 15, 10, 13, 20.00, '2025-12-30 15:04:01'),
(606, 2, 5, 14, 10, 13, 20.00, '2025-12-30 15:04:03'),
(609, 2, 4, 11, 10, 13, 20.00, '2025-12-30 15:04:05'),
(611, 2, 4, 12, 10, 13, 20.00, '2025-12-30 15:04:08'),
(614, 2, 4, 13, 10, 13, 20.00, '2025-12-30 15:04:11'),
(615, 2, 4, 12, 10, 29, 30.00, '2025-12-30 15:04:14'),
(617, 2, 4, 13, 10, 29, 23.00, '2025-12-30 15:04:19'),
(618, 2, 4, 11, 10, 29, 24.00, '2025-12-30 15:04:21'),
(621, 2, 5, 14, 10, 29, 34.00, '2025-12-30 15:04:23'),
(623, 2, 5, 15, 10, 29, 24.00, '2025-12-30 15:04:25'),
(626, 2, 5, 16, 10, 29, 30.00, '2025-12-30 15:04:28'),
(627, 2, 6, 17, 10, 29, 40.00, '2025-12-30 15:04:30'),
(629, 2, 6, 18, 10, 29, 30.00, '2025-12-30 15:04:32'),
(632, 2, 6, 19, 10, 29, 23.00, '2025-12-30 15:04:37'),
(633, 2, 6, 17, 10, 30, 23.00, '2025-12-30 15:04:40'),
(635, 2, 6, 18, 10, 30, 30.00, '2025-12-30 15:04:41'),
(638, 2, 6, 19, 10, 30, 23.00, '2025-12-30 15:04:43'),
(639, 2, 5, 15, 10, 30, 30.00, '2025-12-30 15:04:45'),
(640, 2, 5, 14, 10, 30, 12.00, '2025-12-30 15:04:47'),
(644, 2, 5, 16, 10, 30, 23.00, '2025-12-30 15:04:50'),
(645, 2, 4, 11, 10, 30, 34.00, '2025-12-30 15:04:53'),
(647, 2, 4, 12, 10, 30, 23.00, '2025-12-30 15:04:54'),
(650, 2, 4, 13, 10, 30, 30.00, '2025-12-30 15:04:57'),
(651, 2, 4, 11, 10, 8, 30.00, '2025-12-30 15:05:03'),
(653, 2, 4, 12, 10, 8, 24.00, '2025-12-30 15:05:05'),
(656, 2, 4, 13, 10, 8, 24.00, '2025-12-30 15:05:08'),
(657, 2, 5, 14, 10, 8, 23.00, '2025-12-30 15:05:09'),
(659, 2, 5, 15, 10, 8, 30.00, '2025-12-30 15:05:11'),
(662, 2, 5, 16, 10, 8, 23.00, '2025-12-30 15:05:12'),
(663, 2, 6, 17, 10, 8, 10.00, '2025-12-30 15:05:14'),
(666, 2, 6, 18, 10, 8, 24.00, '2025-12-30 15:05:18'),
(669, 2, 6, 19, 10, 8, 30.00, '2025-12-30 15:05:22'),
(670, 2, 4, 11, 11, 9, 23.00, '2025-12-30 15:07:19'),
(672, 2, 4, 12, 11, 9, 30.00, '2025-12-30 15:07:22'),
(675, 2, 4, 13, 11, 9, 23.00, '2025-12-30 15:07:23'),
(676, 2, 5, 16, 11, 9, 23.00, '2025-12-30 15:07:24'),
(677, 2, 5, 15, 11, 9, 30.00, '2025-12-30 15:07:26'),
(679, 2, 5, 14, 11, 9, 34.00, '2025-12-30 15:07:27'),
(682, 2, 6, 17, 11, 9, 23.00, '2025-12-30 15:07:29'),
(684, 2, 6, 18, 11, 9, 23.00, '2025-12-30 15:07:30'),
(687, 2, 6, 19, 11, 9, 30.00, '2025-12-30 15:07:32'),
(688, 2, 6, 19, 11, 13, 23.00, '2025-12-30 15:07:37'),
(689, 2, 6, 18, 11, 13, 23.00, '2025-12-30 15:07:38'),
(691, 2, 6, 17, 11, 13, 40.00, '2025-12-30 15:07:40'),
(694, 2, 5, 14, 11, 13, 23.00, '2025-12-30 15:07:41'),
(696, 2, 5, 15, 11, 13, 30.00, '2025-12-30 15:07:43'),
(699, 2, 5, 16, 11, 13, 23.00, '2025-12-30 15:07:44'),
(700, 2, 4, 11, 11, 13, 23.00, '2025-12-30 15:07:45'),
(702, 2, 4, 12, 11, 13, 30.00, '2025-12-30 15:07:47'),
(705, 2, 4, 13, 11, 13, 30.00, '2025-12-30 15:07:50'),
(706, 2, 4, 11, 11, 29, 34.00, '2025-12-30 15:07:53'),
(708, 2, 4, 12, 11, 29, 30.00, '2025-12-30 15:07:54'),
(711, 2, 4, 13, 11, 29, 30.00, '2025-12-30 15:07:57'),
(712, 2, 5, 14, 11, 29, 34.00, '2025-12-30 15:07:59'),
(714, 2, 5, 15, 11, 29, 30.00, '2025-12-30 15:08:00'),
(717, 2, 5, 16, 11, 29, 30.00, '2025-12-30 15:08:03'),
(718, 2, 6, 17, 11, 29, 23.00, '2025-12-30 15:08:04'),
(720, 2, 6, 18, 11, 29, 23.00, '2025-12-30 15:08:05'),
(723, 2, 6, 19, 11, 29, 30.00, '2025-12-30 15:08:07'),
(724, 2, 4, 11, 11, 30, 23.00, '2025-12-30 15:09:41'),
(726, 2, 4, 12, 11, 30, 23.00, '2025-12-30 15:09:42'),
(729, 2, 4, 13, 11, 30, 12.00, '2025-12-30 15:09:44'),
(730, 2, 5, 14, 11, 30, 23.00, '2025-12-30 15:10:10'),
(732, 2, 5, 15, 11, 30, 23.00, '2025-12-30 15:10:12'),
(735, 2, 5, 16, 11, 30, 30.00, '2025-12-30 15:10:13'),
(736, 2, 6, 17, 11, 30, 23.00, '2025-12-30 15:10:15'),
(738, 2, 6, 18, 11, 30, 30.00, '2025-12-30 15:10:16'),
(741, 2, 6, 19, 11, 30, 24.00, '2025-12-30 15:10:20'),
(742, 2, 6, 19, 11, 8, 23.00, '2025-12-30 15:10:23'),
(743, 2, 6, 18, 11, 8, 30.00, '2025-12-30 15:10:25'),
(745, 2, 6, 17, 11, 8, 34.00, '2025-12-30 15:10:27'),
(748, 2, 5, 14, 11, 8, 34.00, '2025-12-30 15:10:29'),
(750, 2, 5, 15, 11, 8, 9.00, '2025-12-30 15:10:34'),
(753, 2, 5, 16, 11, 8, 30.00, '2025-12-30 15:10:37'),
(754, 2, 4, 11, 11, 8, 40.00, '2025-12-30 15:10:39'),
(756, 2, 4, 12, 11, 8, 30.00, '2025-12-30 15:10:42'),
(759, 2, 4, 13, 11, 8, 23.00, '2025-12-30 15:10:45'),
(760, 2, 4, 11, 12, 9, 23.00, '2025-12-30 15:11:34'),
(762, 2, 4, 12, 12, 9, 23.00, '2025-12-30 15:11:35'),
(765, 2, 4, 13, 12, 9, 30.00, '2025-12-30 15:11:37'),
(766, 2, 5, 14, 12, 9, 32.00, '2025-12-30 15:11:38'),
(768, 2, 5, 15, 12, 9, 23.00, '2025-12-30 15:11:39'),
(771, 2, 5, 16, 12, 9, 23.00, '2025-12-30 15:11:41'),
(772, 2, 6, 17, 12, 9, 34.00, '2025-12-30 15:11:43'),
(774, 2, 6, 18, 12, 9, 30.00, '2025-12-30 15:11:44'),
(777, 2, 6, 19, 12, 9, 12.00, '2025-12-30 15:11:48'),
(778, 2, 6, 17, 12, 13, 40.00, '2025-12-30 15:11:50'),
(780, 2, 6, 18, 12, 13, 30.00, '2025-12-30 15:11:51'),
(783, 2, 6, 19, 12, 13, 30.00, '2025-12-30 15:11:53'),
(784, 2, 5, 14, 12, 13, 23.00, '2025-12-30 15:11:54'),
(786, 2, 5, 16, 12, 13, 12.00, '2025-12-30 15:11:56'),
(788, 2, 5, 15, 12, 13, 23.00, '2025-12-30 15:11:58'),
(790, 2, 4, 11, 12, 13, 23.00, '2025-12-30 15:11:59'),
(792, 2, 4, 12, 12, 13, 13.00, '2025-12-30 15:12:01'),
(797, 2, 4, 13, 12, 13, 30.00, '2025-12-30 15:12:05'),
(798, 2, 4, 11, 12, 29, 23.00, '2025-12-30 15:12:08'),
(800, 2, 4, 12, 12, 29, 30.00, '2025-12-30 15:12:09'),
(803, 2, 4, 13, 12, 29, 12.00, '2025-12-30 15:12:11'),
(804, 2, 5, 14, 12, 29, 40.00, '2025-12-30 15:12:12'),
(806, 2, 5, 15, 12, 29, 12.00, '2025-12-30 15:12:13'),
(809, 2, 5, 16, 12, 29, 12.00, '2025-12-30 15:12:15'),
(810, 2, 6, 17, 12, 29, 23.00, '2025-12-30 15:12:16'),
(812, 2, 6, 18, 12, 29, 12.00, '2025-12-30 15:12:17'),
(815, 2, 6, 19, 12, 29, 30.00, '2025-12-30 15:12:20'),
(816, 2, 6, 17, 12, 30, 12.00, '2025-12-30 15:12:25'),
(818, 2, 6, 18, 12, 30, 24.00, '2025-12-30 15:12:26'),
(821, 2, 6, 19, 12, 30, 30.00, '2025-12-30 15:12:28'),
(822, 2, 5, 14, 12, 30, 23.00, '2025-12-30 15:12:29'),
(824, 2, 5, 15, 12, 30, 30.00, '2025-12-30 15:12:30'),
(827, 2, 5, 16, 12, 30, 23.00, '2025-12-30 15:12:31'),
(828, 2, 4, 11, 12, 30, 12.00, '2025-12-30 15:12:33'),
(830, 2, 4, 12, 12, 30, 30.00, '2025-12-30 15:12:34'),
(833, 2, 4, 13, 12, 30, 30.00, '2025-12-30 15:12:36'),
(834, 2, 4, 12, 12, 8, 30.00, '2025-12-30 15:12:39'),
(836, 2, 4, 13, 12, 8, 23.00, '2025-12-30 15:12:40'),
(837, 2, 5, 14, 12, 8, 40.00, '2025-12-30 15:12:42'),
(839, 2, 5, 15, 12, 8, 30.00, '2025-12-30 15:12:43'),
(842, 2, 5, 16, 12, 8, 30.00, '2025-12-30 15:12:43'),
(843, 2, 6, 17, 12, 8, 12.00, '2025-12-30 15:12:45'),
(845, 2, 6, 18, 12, 8, 30.00, '2025-12-30 15:12:46'),
(848, 2, 6, 19, 12, 8, 12.00, '2025-12-30 15:12:47'),
(849, 2, 4, 11, 12, 8, 23.00, '2025-12-30 15:13:01'),
(852, 2, 4, 13, 15, 9, 30.00, '2025-12-30 15:13:36'),
(853, 2, 5, 14, 15, 9, 23.00, '2025-12-30 15:13:37'),
(855, 2, 5, 15, 15, 9, 23.00, '2025-12-30 15:13:39'),
(858, 2, 5, 16, 15, 9, 30.00, '2025-12-30 15:13:40'),
(859, 2, 6, 17, 15, 9, 23.00, '2025-12-30 15:13:41'),
(861, 2, 6, 18, 15, 9, 30.00, '2025-12-30 15:13:43'),
(864, 2, 6, 19, 15, 9, 30.00, '2025-12-30 15:13:45'),
(865, 2, 6, 17, 15, 13, 23.00, '2025-12-30 15:13:47'),
(867, 2, 6, 18, 15, 13, 12.00, '2025-12-30 15:13:48'),
(870, 2, 6, 19, 15, 13, 23.00, '2025-12-30 15:13:50'),
(871, 2, 5, 14, 15, 13, 32.00, '2025-12-30 15:13:51'),
(873, 2, 5, 15, 15, 13, 30.00, '2025-12-30 15:13:53'),
(876, 2, 5, 16, 15, 13, 12.00, '2025-12-30 15:13:54'),
(877, 2, 4, 11, 15, 13, 21.00, '2025-12-30 15:13:55'),
(879, 2, 4, 12, 15, 13, 30.00, '2025-12-30 15:13:57'),
(882, 2, 4, 13, 15, 13, 12.00, '2025-12-30 15:13:59'),
(883, 2, 4, 11, 15, 9, 21.00, '2025-12-30 15:14:02'),
(886, 2, 4, 12, 15, 9, 30.00, '2025-12-30 15:14:04'),
(888, 2, 4, 11, 15, 29, 23.00, '2025-12-30 15:14:07'),
(890, 2, 4, 12, 15, 29, 30.00, '2025-12-30 15:14:08'),
(893, 2, 4, 13, 15, 29, 30.00, '2025-12-30 15:14:09'),
(894, 2, 5, 14, 15, 29, 34.00, '2025-12-30 15:14:10'),
(896, 2, 5, 15, 15, 29, 30.00, '2025-12-30 15:14:11'),
(899, 2, 5, 16, 15, 29, 30.00, '2025-12-30 15:14:12'),
(900, 2, 6, 17, 15, 29, 34.00, '2025-12-30 15:14:14'),
(902, 2, 6, 18, 15, 29, 30.00, '2025-12-30 15:14:16'),
(905, 2, 6, 19, 15, 29, 30.00, '2025-12-30 15:14:18'),
(906, 2, 6, 17, 15, 30, 40.00, '2025-12-30 15:14:21'),
(908, 2, 6, 18, 15, 30, 30.00, '2025-12-30 15:14:22'),
(911, 2, 6, 19, 15, 30, 30.00, '2025-12-30 15:14:24'),
(912, 2, 5, 14, 15, 30, 40.00, '2025-12-30 15:14:25'),
(914, 2, 5, 15, 15, 30, 30.00, '2025-12-30 15:14:26'),
(917, 2, 5, 16, 15, 30, 23.00, '2025-12-30 15:14:28'),
(918, 2, 4, 11, 15, 30, 40.00, '2025-12-30 15:14:30'),
(920, 2, 4, 12, 15, 30, 30.00, '2025-12-30 15:14:31'),
(923, 2, 4, 13, 15, 30, 30.00, '2025-12-30 15:14:32'),
(924, 2, 4, 11, 15, 8, 32.00, '2025-12-30 15:14:35'),
(926, 2, 4, 12, 15, 8, 23.00, '2025-12-30 15:14:36'),
(929, 2, 4, 13, 15, 8, 30.00, '2025-12-30 15:14:38'),
(930, 2, 5, 14, 15, 8, 34.00, '2025-12-30 15:14:39'),
(932, 2, 5, 15, 15, 8, 23.00, '2025-12-30 15:14:42'),
(935, 2, 5, 16, 15, 8, 21.00, '2025-12-30 15:14:43'),
(936, 2, 6, 17, 15, 8, 12.00, '2025-12-30 15:14:45'),
(938, 2, 6, 18, 15, 8, 23.00, '2025-12-30 15:14:45'),
(941, 2, 6, 19, 15, 8, 12.00, '2025-12-30 15:14:47'),
(942, 4, 7, 20, 10, 9, 30.00, '2025-12-30 15:17:16'),
(944, 4, 7, 21, 10, 9, 30.00, '2025-12-30 15:17:18'),
(951, 4, 7, 22, 10, 9, 20.00, '2025-12-30 15:17:36'),
(955, 4, 7, 23, 10, 9, 10.00, '2025-12-30 15:17:39'),
(956, 4, 7, 21, 10, 30, 30.00, '2025-12-30 15:17:53'),
(958, 4, 7, 22, 10, 30, 20.00, '2025-12-30 15:17:54'),
(961, 4, 7, 23, 10, 30, 11.00, '2025-12-30 15:17:57'),
(962, 4, 7, 20, 10, 30, 30.00, '2025-12-30 15:17:59'),
(966, 4, 7, 21, 10, 29, 30.00, '2025-12-30 15:18:02'),
(968, 4, 7, 22, 10, 29, 20.00, '2025-12-30 15:18:03'),
(971, 4, 7, 23, 10, 29, 20.00, '2025-12-30 15:18:07'),
(972, 4, 7, 20, 10, 29, 23.00, '2025-12-30 15:18:13'),
(984, 4, 7, 20, 11, 9, 30.00, '2025-12-30 15:19:38'),
(986, 4, 7, 21, 11, 9, 30.00, '2025-12-30 15:19:40'),
(989, 4, 7, 22, 11, 9, 20.00, '2025-12-30 15:19:42'),
(993, 4, 7, 23, 11, 9, 10.00, '2025-12-30 15:19:44'),
(994, 4, 7, 21, 11, 29, 12.00, '2025-12-30 15:19:57'),
(996, 4, 7, 22, 11, 29, 20.00, '2025-12-30 15:19:58'),
(999, 4, 7, 23, 11, 29, 20.00, '2025-12-30 15:20:00'),
(1000, 4, 7, 20, 11, 29, 24.00, '2025-12-30 15:20:02'),
(1004, 4, 7, 20, 11, 30, 30.00, '2025-12-30 15:20:08'),
(1006, 4, 7, 21, 11, 30, 30.00, '2025-12-30 15:20:09'),
(1009, 4, 7, 22, 11, 30, 20.00, '2025-12-30 15:20:10'),
(1013, 4, 7, 23, 11, 30, 10.00, '2025-12-30 15:20:12'),
(1014, 4, 7, 20, 12, 9, 30.00, '2025-12-30 15:20:43'),
(1016, 4, 7, 21, 12, 9, 30.00, '2025-12-30 15:20:44'),
(1019, 4, 7, 22, 12, 9, 20.00, '2025-12-30 15:20:46'),
(1023, 4, 7, 23, 12, 9, 10.00, '2025-12-30 15:20:51'),
(1024, 4, 7, 20, 12, 29, 23.00, '2025-12-30 15:21:04'),
(1026, 4, 7, 21, 12, 29, 30.00, '2025-12-30 15:21:09'),
(1029, 4, 7, 22, 12, 29, 12.00, '2025-12-30 15:21:11'),
(1033, 4, 7, 23, 12, 29, 20.00, '2025-12-30 15:21:19'),
(1034, 4, 7, 20, 12, 30, 30.00, '2025-12-30 15:21:22'),
(1036, 4, 7, 21, 12, 30, 30.00, '2025-12-30 15:21:23'),
(1039, 4, 7, 22, 12, 30, 20.00, '2025-12-30 15:21:25'),
(1043, 4, 7, 23, 12, 30, 10.00, '2025-12-30 15:21:27'),
(1044, 4, 7, 20, 15, 9, 30.00, '2025-12-30 15:21:53'),
(1046, 4, 7, 21, 15, 9, 30.00, '2025-12-30 15:21:55'),
(1049, 4, 7, 22, 15, 9, 20.00, '2025-12-30 15:21:56'),
(1053, 4, 7, 23, 15, 9, 10.00, '2025-12-30 15:21:58'),
(1054, 4, 7, 21, 15, 29, 23.00, '2025-12-30 15:22:01'),
(1056, 4, 7, 22, 15, 29, 20.00, '2025-12-30 15:22:02'),
(1059, 4, 7, 23, 15, 29, 20.00, '2025-12-30 15:22:04'),
(1060, 4, 7, 20, 15, 29, 23.00, '2025-12-30 15:22:08'),
(1064, 4, 7, 20, 15, 30, 30.00, '2025-12-30 15:22:10'),
(1066, 4, 7, 21, 15, 30, 30.00, '2025-12-30 15:22:12'),
(1069, 4, 7, 22, 15, 30, 20.00, '2025-12-30 15:22:13'),
(1073, 4, 7, 23, 15, 30, 10.00, '2025-12-30 15:22:15');

-- --------------------------------------------------------

--
-- Table structure for table `segments`
--

CREATE TABLE `segments` (
  `id` int(11) NOT NULL,
  `round_id` int(11) NOT NULL,
  `title` varchar(100) NOT NULL,
  `description` text DEFAULT NULL,
  `weight_percentage` decimal(5,2) NOT NULL,
  `ordering` int(11) NOT NULL
) ENGINE=InnoDB DEFAULT CHARSET=utf8mb4 COLLATE=utf8mb4_general_ci;

--
-- Dumping data for table `segments`
--

INSERT INTO `segments` (`id`, `round_id`, `title`, `description`, `weight_percentage`, `ordering`) VALUES
(1, 1, 'Swimsuit Competition', 'This round highlights confidence, poise, and overall stage presence.', 40.00, 1),
(2, 1, 'Production Number', 'Showcase energy, coordination and stage impact.', 30.00, 2),
(3, 1, 'Evening Gown', 'Highlights elegance, grace, and formal stage presentation.', 30.00, 3),
(4, 2, 'Creative Expression', 'Showcase confidence, talent, and individuality', 35.00, 1),
(5, 2, 'Fashion and Style presentation', 'Evaluates personal style, grooming, and how the contestant carries attire', 35.00, 2),
(6, 2, 'Interview', 'Measure intelligence and communication skills', 30.00, 3),
(7, 4, 'Question and Answer', 'Critical thinking', 100.00, 1);

-- --------------------------------------------------------

--
-- Table structure for table `segment_comments`
--

CREATE TABLE `segment_comments` (
  `id` int(11) NOT NULL,
  `round_id` int(11) NOT NULL,
  `segment_id` int(11) NOT NULL,
  `judge_id` int(11) NOT NULL,
  `contestant_id` int(11) NOT NULL,
  `comment_text` text DEFAULT NULL
) ENGINE=InnoDB DEFAULT CHARSET=utf8mb4 COLLATE=utf8mb4_general_ci;

--
-- Dumping data for table `segment_comments`
--

INSERT INTO `segment_comments` (`id`, `round_id`, `segment_id`, `judge_id`, `contestant_id`, `comment_text`) VALUES
(1, 1, 1, 11, 7, ''),
(12, 1, 1, 11, 8, ''),
(18, 1, 2, 11, 7, ''),
(28, 1, 2, 11, 8, ''),
(63, 1, 3, 11, 7, ''),
(69, 1, 3, 11, 8, ''),
(75, 1, 1, 10, 7, ''),
(85, 1, 1, 10, 8, ''),
(95, 1, 2, 10, 7, ''),
(101, 1, 2, 10, 8, ''),
(107, 1, 3, 10, 7, ''),
(115, 1, 3, 10, 8, ''),
(123, 1, 1, 12, 7, ''),
(126, 1, 1, 12, 8, ''),
(129, 1, 2, 12, 7, ''),
(132, 1, 2, 12, 8, ''),
(135, 1, 3, 12, 7, ''),
(138, 1, 3, 12, 8, ''),
(141, 1, 1, 11, 9, ''),
(144, 1, 2, 11, 9, ''),
(147, 1, 3, 11, 9, ''),
(150, 1, 1, 15, 7, ''),
(153, 1, 1, 15, 8, ''),
(156, 1, 1, 15, 9, ''),
(159, 1, 2, 15, 7, ''),
(162, 1, 2, 15, 8, ''),
(165, 1, 2, 15, 9, ''),
(168, 1, 3, 15, 7, ''),
(171, 1, 3, 15, 8, ''),
(174, 1, 3, 15, 9, ''),
(177, 1, 1, 10, 9, ''),
(180, 1, 2, 10, 9, ''),
(183, 1, 3, 10, 9, ''),
(186, 1, 1, 12, 9, ''),
(189, 1, 2, 12, 9, ''),
(192, 1, 3, 12, 9, ''),
(195, 1, 1, 10, 13, ''),
(198, 1, 1, 10, 29, ''),
(201, 1, 1, 10, 30, ''),
(204, 1, 2, 10, 13, ''),
(207, 1, 2, 10, 29, ''),
(210, 1, 2, 10, 30, ''),
(213, 1, 3, 10, 13, ''),
(216, 1, 3, 10, 29, ''),
(219, 1, 3, 10, 30, ''),
(222, 1, 1, 11, 13, ''),
(225, 1, 1, 11, 29, ''),
(228, 1, 2, 11, 29, ''),
(231, 1, 3, 11, 29, ''),
(234, 1, 3, 11, 13, ''),
(237, 1, 2, 11, 13, ''),
(240, 1, 1, 11, 30, ''),
(243, 1, 2, 11, 30, ''),
(246, 1, 3, 11, 30, ''),
(249, 1, 1, 12, 13, ''),
(252, 1, 2, 12, 13, ''),
(255, 1, 3, 12, 13, ''),
(258, 1, 3, 12, 29, ''),
(261, 1, 2, 12, 29, ''),
(264, 1, 1, 12, 29, ''),
(267, 1, 1, 12, 30, ''),
(270, 1, 2, 12, 30, ''),
(273, 1, 3, 12, 30, ''),
(276, 1, 1, 15, 13, ''),
(279, 1, 2, 15, 13, ''),
(282, 1, 3, 15, 13, ''),
(285, 1, 1, 15, 29, ''),
(288, 1, 2, 15, 29, ''),
(291, 1, 3, 15, 29, ''),
(294, 1, 1, 15, 30, ''),
(297, 1, 2, 15, 30, ''),
(300, 1, 3, 15, 30, ''),
(303, 2, 4, 10, 9, ''),
(306, 2, 5, 10, 9, ''),
(309, 2, 6, 10, 9, ''),
(312, 2, 6, 10, 13, ''),
(315, 2, 5, 10, 13, ''),
(318, 2, 4, 10, 13, ''),
(321, 2, 4, 10, 29, ''),
(324, 2, 5, 10, 29, ''),
(327, 2, 6, 10, 29, ''),
(330, 2, 6, 10, 30, ''),
(333, 2, 5, 10, 30, ''),
(336, 2, 4, 10, 30, ''),
(339, 2, 4, 10, 8, ''),
(342, 2, 5, 10, 8, ''),
(345, 2, 6, 10, 8, ''),
(349, 2, 4, 11, 9, ''),
(352, 2, 5, 11, 9, ''),
(355, 2, 6, 11, 9, ''),
(358, 2, 6, 11, 13, ''),
(361, 2, 5, 11, 13, ''),
(364, 2, 4, 11, 13, ''),
(367, 2, 4, 11, 29, ''),
(370, 2, 5, 11, 29, ''),
(373, 2, 6, 11, 29, ''),
(376, 2, 4, 11, 30, ''),
(379, 2, 5, 11, 30, ''),
(382, 2, 6, 11, 30, ''),
(385, 2, 6, 11, 8, ''),
(388, 2, 5, 11, 8, ''),
(391, 2, 4, 11, 8, ''),
(394, 2, 4, 12, 9, ''),
(397, 2, 5, 12, 9, ''),
(400, 2, 6, 12, 9, ''),
(403, 2, 6, 12, 13, ''),
(406, 2, 5, 12, 13, ''),
(409, 2, 4, 12, 13, ''),
(413, 2, 4, 12, 29, ''),
(416, 2, 5, 12, 29, ''),
(419, 2, 6, 12, 29, ''),
(422, 2, 6, 12, 30, ''),
(425, 2, 5, 12, 30, ''),
(428, 2, 4, 12, 30, ''),
(431, 2, 4, 12, 8, ''),
(433, 2, 5, 12, 8, ''),
(436, 2, 6, 12, 8, ''),
(440, 2, 4, 15, 9, ''),
(441, 2, 5, 15, 9, ''),
(444, 2, 6, 15, 9, ''),
(447, 2, 6, 15, 13, ''),
(450, 2, 5, 15, 13, ''),
(453, 2, 4, 15, 13, ''),
(458, 2, 4, 15, 29, ''),
(461, 2, 5, 15, 29, ''),
(464, 2, 6, 15, 29, ''),
(467, 2, 6, 15, 30, ''),
(470, 2, 5, 15, 30, ''),
(473, 2, 4, 15, 30, ''),
(476, 2, 4, 15, 8, ''),
(479, 2, 5, 15, 8, ''),
(482, 2, 6, 15, 8, ''),
(485, 4, 7, 10, 9, ''),
(491, 4, 7, 10, 30, ''),
(495, 4, 7, 10, 29, ''),
(501, 4, 7, 11, 9, ''),
(505, 4, 7, 11, 29, ''),
(509, 4, 7, 11, 30, ''),
(513, 4, 7, 12, 9, ''),
(517, 4, 7, 12, 29, ''),
(521, 4, 7, 12, 30, ''),
(525, 4, 7, 15, 9, ''),
(529, 4, 7, 15, 29, ''),
(533, 4, 7, 15, 30, '');

-- --------------------------------------------------------

--
-- Table structure for table `tickets`
--

CREATE TABLE `tickets` (
  `id` int(11) NOT NULL,
  `event_id` int(11) NOT NULL,
  `code` varchar(20) NOT NULL,
  `status` enum('Unused','Used') DEFAULT 'Unused',
  `voted_contestant_id` int(11) DEFAULT NULL,
  `used_at` timestamp NULL DEFAULT NULL,
  `created_at` timestamp NOT NULL DEFAULT current_timestamp()
) ENGINE=InnoDB DEFAULT CHARSET=utf8mb4 COLLATE=utf8mb4_general_ci;

--
-- Dumping data for table `tickets`
--

INSERT INTO `tickets` (`id`, `event_id`, `code`, `status`, `voted_contestant_id`, `used_at`, `created_at`) VALUES
(1, 1, 'MW59WT', 'Unused', NULL, NULL, '2025-12-24 03:18:10'),
(2, 1, 'KDJPWX', 'Unused', NULL, NULL, '2025-12-24 03:18:10'),
(3, 1, 'MFJ82F', 'Unused', NULL, NULL, '2025-12-24 03:18:10'),
(4, 1, 'PPMSR9', 'Unused', NULL, NULL, '2025-12-24 03:18:10'),
(5, 1, 'DBMUTQ', 'Unused', NULL, NULL, '2025-12-24 03:18:10'),
(6, 1, 'LTEMCB', 'Unused', NULL, NULL, '2025-12-24 03:18:10'),
(7, 1, 'DUGGSX', 'Unused', NULL, NULL, '2025-12-24 03:18:10'),
(8, 1, 'P8DRFG', 'Unused', NULL, NULL, '2025-12-24 03:18:10'),
(9, 1, 'SED3W9', 'Unused', NULL, NULL, '2025-12-24 03:18:10'),
(10, 1, 'A9NMFD', 'Unused', NULL, NULL, '2025-12-24 03:18:10'),
(11, 1, '3XBGKK', 'Unused', NULL, NULL, '2025-12-24 03:18:10'),
(12, 1, 'HE4D9S', 'Unused', NULL, NULL, '2025-12-24 03:18:10'),
(13, 1, 'T3C5RX', 'Used', 2, '2025-12-24 04:06:04', '2025-12-24 03:18:10'),
(14, 1, 'RLCM3G', 'Used', NULL, NULL, '2025-12-24 03:18:10'),
(15, 1, 'VGQL4Q', 'Used', 4, '2026-01-03 13:40:52', '2025-12-24 03:18:10'),
(16, 1, 'CWAYHL', 'Used', 8, '2026-01-07 15:32:32', '2025-12-24 03:18:10'),
(17, 1, 'WMCLHV', 'Unused', NULL, NULL, '2025-12-24 03:18:10'),
(18, 1, 'LCZV6M', 'Unused', NULL, NULL, '2025-12-24 03:18:10'),
(19, 1, 'X3AZQL', 'Unused', NULL, NULL, '2025-12-24 03:18:10'),
(20, 1, 'BBCMY8', 'Unused', NULL, NULL, '2025-12-24 03:18:10'),
(21, 1, 'TICKET-123', 'Used', NULL, NULL, '2025-12-24 03:31:49'),
(22, 6, 'DEMO-TICKET', 'Used', NULL, NULL, '2025-12-28 16:28:02'),
(23, 2, 'MEQ4JX', 'Unused', NULL, NULL, '2026-01-03 13:38:51'),
(24, 2, 'EHAMY6', 'Unused', NULL, NULL, '2026-01-03 13:38:51'),
(25, 2, '7666PS', 'Unused', NULL, NULL, '2026-01-03 13:38:51'),
(26, 2, 'HVTVV3', 'Unused', NULL, NULL, '2026-01-03 13:38:51'),
(27, 2, 'UJNPVZ', 'Unused', NULL, NULL, '2026-01-03 13:38:51'),
(28, 2, 'FV7TMB', 'Unused', NULL, NULL, '2026-01-03 13:38:51'),
(29, 2, 'B3P92D', 'Unused', NULL, NULL, '2026-01-03 13:38:51'),
(30, 2, 'TTCHFZ', 'Unused', NULL, NULL, '2026-01-03 13:38:51'),
(31, 2, '7D99ZB', 'Unused', NULL, NULL, '2026-01-03 13:38:51'),
(32, 2, 'ZLH5S8', 'Unused', NULL, NULL, '2026-01-03 13:38:51');

-- --------------------------------------------------------

--
-- Table structure for table `users`
--

CREATE TABLE `users` (
  `id` int(11) NOT NULL,
  `created_by` int(11) DEFAULT NULL,
  `name` varchar(100) NOT NULL DEFAULT 'Event Admin',
  `email` varchar(255) NOT NULL,
  `phone` varchar(20) DEFAULT NULL,
  `password` varchar(255) NOT NULL,
  `role` varchar(50) NOT NULL,
  `status` enum('Active','Inactive','Pending','Rejected') DEFAULT 'Active',
  `created_at` timestamp NOT NULL DEFAULT current_timestamp(),
  `is_deleted` tinyint(1) DEFAULT 0
) ENGINE=InnoDB DEFAULT CHARSET=utf8mb4 COLLATE=utf8mb4_general_ci;

--
-- Dumping data for table `users`
--

INSERT INTO `users` (`id`, `created_by`, `name`, `email`, `phone`, `password`, `role`, `status`, `created_at`, `is_deleted`) VALUES
(1, 0, 'Debbie Custorio', 'eventmanager@gmail.com', '09306151229', '$2y$10$qznheoai1O6MDt60uC9xO.0QPo5sRE06HNYzTvuxGVPwecPqTJKHa', 'Event Manager', 'Active', '2025-12-23 00:35:16', 0),
(2, 1, 'Juan Luna', 'judgecoordinator@gmail.com', '', '$2y$10$V6kRPuxWUrrKtgkwj6WNMeuwAhEfSCgDTsn3hfbX8mJHo9aHXypzC', 'Judge Coordinator', 'Active', '2025-12-23 07:19:42', 0),
(3, 1, 'John', 'john@gmail.com', '', '$2y$10$aprdUQF.P7uPW/8WxwUNl.rzT2GMRhmRy2bSpAbOPH9Vh8rm7xLWu', 'Judge Coordinator', 'Inactive', '2025-12-23 07:24:11', 0),
(4, 1, 'Tita Alo', 'contestantmanager@gmail.com', '', '$2y$10$iRZvSGcnLceTuAvwIjhNKuqMnm.s6CdhYpAvzWOYHKvkRJ.iBeEE6', 'Contestant Manager', 'Active', '2025-12-23 10:14:44', 0),
(5, 1, 'Tabulator', 'tabulator@gmail.com', '', '$2y$10$b.bQ.iQWZ4Oo/MD9D3PXzu.cbVXFxK41WvNGOybHMYC49B8H3YSB2', 'Tabulator', 'Active', '2025-12-23 10:14:59', 0),
(6, NULL, 'Maria Doe', 'maria@gmail.com', NULL, '$2y$10$I5DMJkX1erftBjuIgG8BeujOkCAbuKYWhoqm9NwVF7.D9Ag/w1SMG', 'Contestant', 'Inactive', '2025-12-23 10:50:29', 0),
(7, NULL, 'Elene', 'elene@gmail.com', NULL, '$2y$10$ULHNV28tDAVVWqjERvJbS.xh0V48tSgjwIBzWZotFOCa7V5DPi/UK', 'Contestant', 'Active', '2025-12-23 10:56:00', 0),
(8, NULL, 'Maria Clara', 'fourthemail936@gmail.com', NULL, '$2y$10$8LBHV3QSQPTz6J9IEKhui.om3csNHeir/thtNDQXGzMgFNB2hHKqG', 'Contestant', 'Active', '2025-12-23 14:14:32', 0),
(9, NULL, 'Den', 'den@gmail.com', NULL, '$2y$10$IdVhaw4ppM08f3L7G4WAKutcU3znFKsL6gRkvJmgBczSqwDCpJGN.', 'Contestant', 'Active', '2025-12-23 14:35:23', 0),
(10, 1, 'Chandler Bing', 'chandlerbing@gmail.com', NULL, '$2y$10$L7jGvjbnCUwS9kIyXeVybePxQ7XPcO4bXrIdfgynXNjfFxmvXgNc.', 'Judge', 'Active', '2025-12-23 15:09:32', 0),
(11, 1, 'Monica Geller', 'monicageller@gmail.com', NULL, '$2y$10$NcYK/Brj/VAhr.FNhQKG.OkdEDovpXs5N7LcFE69.kNnL7YzT2f7G', 'Judge', 'Active', '2025-12-23 15:10:17', 0),
(12, 1, 'Joey tribbiani', 'joey@gmail.com', NULL, '$2y$10$IDoyfzqPotZr5vTlV0YIQOp73Uxwq7zNPJDYtN5D.Fret/.juNQ1y', 'Judge', 'Active', '2025-12-25 01:53:43', 0),
(13, NULL, 'Third Aby', 'thirdemail341@gmail.com', NULL, '$2y$10$kDb96oh0Rq35D3WK97Ic5.HiHLrBKCoj4Lcn4cYqmhFueWL2Tcohe', 'Contestant', 'Active', '2025-12-26 08:57:09', 0),
(14, 1, 'Glen Tagros', 'fourthemail943@gmail.com', '', '$2y$10$5R4apcUdt2dcwZLThD8L5.zArMttCkL6VIL2waaEp1k6/dyvuwM5.', 'Judge Coordinator', 'Active', '2025-12-26 09:42:44', 0),
(15, 1, 'Second Email', 'secondemailkoini@gmail.com', NULL, '$2y$10$nNsc/Wp7Htn0dAW3Bj.y8e.50GP8C3wN1Phg1GQoQo.TWzRl3wybO', 'Judge', 'Active', '2025-12-26 15:24:22', 0),
(17, NULL, 'Demo Event Manager', 'manager@demo.com', NULL, '$2y$10$YourHashHere...', 'Event Manager', 'Active', '2025-12-28 16:14:13', 0),
(18, NULL, 'Demo Contestant Manager', 'cm@demo.com', NULL, '$2y$10$YourHashHere...', 'Contestant Manager', 'Active', '2025-12-28 16:14:13', 0),
(19, NULL, 'Demo Judge Coordinator', 'jc@demo.com', NULL, '$2y$10$YourHashHere...', 'Judge Coordinator', 'Active', '2025-12-28 16:14:13', 0),
(20, NULL, 'Demo Tabulator', 'tab@demo.com', NULL, '$2y$10$YourHashHere...', 'Tabulator', 'Active', '2025-12-28 16:14:13', 0),
(21, NULL, 'Demo Judge', 'judge@demo.com', NULL, '$2y$10$YourHashHere...', 'Judge', 'Active', '2025-12-28 16:14:13', 0),
(22, NULL, 'Demo Contestant', 'contestant@demo.com', NULL, '$2y$10$YourHashHere...', 'Contestant', 'Active', '2025-12-28 16:14:13', 0),
(29, NULL, 'Pheobe', 'phoebe@gmail.com', NULL, '$2y$10$w/qzVqJCsxBaC6pnNgL0NuIA4g2tSjNI35FMxx2JcCUB2PNe1KLRu', 'Contestant', 'Active', '2025-12-30 14:21:46', 0),
(30, NULL, 'Rachel', 'rachel@gmail.com', NULL, '$2y$10$OiAF.LiGAXQCH2bJV0p0luBzyplfNdHb5fNmQdTcH7BP.F.h3i3Ru', 'Contestant', 'Active', '2025-12-30 14:23:07', 0),
(31, 1, 'Glen Tagros', 'tagrosglen@gmail.com', NULL, '$2y$10$bMJzRQYm8nZSQzUiT4b7EujpUKRGLAfPbT7czkmtdw3jNMY97VBQa', 'Judge', 'Active', '2025-12-31 05:24:40', 0);

--
-- Indexes for dumped tables
--

--
-- Indexes for table `activities`
--
ALTER TABLE `activities`
  ADD PRIMARY KEY (`id`),
  ADD KEY `event_id` (`event_id`);

--
-- Indexes for table `awards`
--
ALTER TABLE `awards`
  ADD PRIMARY KEY (`id`),
  ADD KEY `event_id` (`event_id`);

--
-- Indexes for table `award_winners`
--
ALTER TABLE `award_winners`
  ADD PRIMARY KEY (`id`),
  ADD KEY `award_id` (`award_id`),
  ADD KEY `contestant_id` (`contestant_id`);

--
-- Indexes for table `contestant_details`
--
ALTER TABLE `contestant_details`
  ADD PRIMARY KEY (`id`),
  ADD KEY `user_id` (`user_id`),
  ADD KEY `event_id` (`event_id`);

--
-- Indexes for table `criteria`
--
ALTER TABLE `criteria`
  ADD PRIMARY KEY (`id`),
  ADD KEY `segment_id` (`segment_id`);

--
-- Indexes for table `events`
--
ALTER TABLE `events`
  ADD PRIMARY KEY (`id`),
  ADD KEY `user_id` (`user_id`);

--
-- Indexes for table `event_judges`
--
ALTER TABLE `event_judges`
  ADD PRIMARY KEY (`id`),
  ADD KEY `event_id` (`event_id`),
  ADD KEY `judge_id` (`judge_id`);

--
-- Indexes for table `event_organizers`
--
ALTER TABLE `event_organizers`
  ADD PRIMARY KEY (`id`),
  ADD KEY `event_id` (`event_id`),
  ADD KEY `user_id` (`user_id`);

--
-- Indexes for table `judge_round_status`
--
ALTER TABLE `judge_round_status`
  ADD PRIMARY KEY (`id`),
  ADD UNIQUE KEY `unique_judge_round` (`judge_id`,`round_id`),
  ADD KEY `round_id` (`round_id`);

--
-- Indexes for table `rounds`
--
ALTER TABLE `rounds`
  ADD PRIMARY KEY (`id`),
  ADD KEY `event_id` (`event_id`);

--
-- Indexes for table `round_rankings`
--
ALTER TABLE `round_rankings`
  ADD PRIMARY KEY (`id`),
  ADD KEY `round_id` (`round_id`),
  ADD KEY `contestant_id` (`contestant_id`);

--
-- Indexes for table `scores`
--
ALTER TABLE `scores`
  ADD PRIMARY KEY (`id`),
  ADD UNIQUE KEY `unique_score` (`judge_id`,`contestant_id`,`criteria_id`),
  ADD KEY `round_id` (`round_id`),
  ADD KEY `criteria_id` (`criteria_id`),
  ADD KEY `contestant_id` (`contestant_id`);

--
-- Indexes for table `segments`
--
ALTER TABLE `segments`
  ADD PRIMARY KEY (`id`),
  ADD KEY `round_id` (`round_id`);

--
-- Indexes for table `segment_comments`
--
ALTER TABLE `segment_comments`
  ADD PRIMARY KEY (`id`),
  ADD UNIQUE KEY `unique_comment` (`round_id`,`segment_id`,`judge_id`,`contestant_id`),
  ADD KEY `fk_comment_segment` (`segment_id`),
  ADD KEY `fk_comment_judge` (`judge_id`),
  ADD KEY `fk_comment_contestant` (`contestant_id`);

--
-- Indexes for table `tickets`
--
ALTER TABLE `tickets`
  ADD PRIMARY KEY (`id`),
  ADD UNIQUE KEY `code` (`code`),
  ADD KEY `event_id` (`event_id`);

--
-- Indexes for table `users`
--
ALTER TABLE `users`
  ADD PRIMARY KEY (`id`),
  ADD UNIQUE KEY `email` (`email`);

--
-- AUTO_INCREMENT for dumped tables
--

--
-- AUTO_INCREMENT for table `activities`
--
ALTER TABLE `activities`
  MODIFY `id` int(11) NOT NULL AUTO_INCREMENT, AUTO_INCREMENT=3;

--
-- AUTO_INCREMENT for table `awards`
--
ALTER TABLE `awards`
  MODIFY `id` int(11) NOT NULL AUTO_INCREMENT, AUTO_INCREMENT=6;

--
-- AUTO_INCREMENT for table `award_winners`
--
ALTER TABLE `award_winners`
  MODIFY `id` int(11) NOT NULL AUTO_INCREMENT;

--
-- AUTO_INCREMENT for table `contestant_details`
--
ALTER TABLE `contestant_details`
  MODIFY `id` int(11) NOT NULL AUTO_INCREMENT, AUTO_INCREMENT=10;

--
-- AUTO_INCREMENT for table `criteria`
--
ALTER TABLE `criteria`
  MODIFY `id` int(11) NOT NULL AUTO_INCREMENT, AUTO_INCREMENT=26;

--
-- AUTO_INCREMENT for table `events`
--
ALTER TABLE `events`
  MODIFY `id` int(11) NOT NULL AUTO_INCREMENT, AUTO_INCREMENT=8;

--
-- AUTO_INCREMENT for table `event_judges`
--
ALTER TABLE `event_judges`
  MODIFY `id` int(11) NOT NULL AUTO_INCREMENT, AUTO_INCREMENT=14;

--
-- AUTO_INCREMENT for table `event_organizers`
--
ALTER TABLE `event_organizers`
  MODIFY `id` int(11) NOT NULL AUTO_INCREMENT, AUTO_INCREMENT=10;

--
-- AUTO_INCREMENT for table `judge_round_status`
--
ALTER TABLE `judge_round_status`
  MODIFY `id` int(11) NOT NULL AUTO_INCREMENT, AUTO_INCREMENT=26;

--
-- AUTO_INCREMENT for table `rounds`
--
ALTER TABLE `rounds`
  MODIFY `id` int(11) NOT NULL AUTO_INCREMENT, AUTO_INCREMENT=9;

--
-- AUTO_INCREMENT for table `round_rankings`
--
ALTER TABLE `round_rankings`
  MODIFY `id` int(11) NOT NULL AUTO_INCREMENT, AUTO_INCREMENT=117;

--
-- AUTO_INCREMENT for table `scores`
--
ALTER TABLE `scores`
  MODIFY `id` int(11) NOT NULL AUTO_INCREMENT, AUTO_INCREMENT=1084;

--
-- AUTO_INCREMENT for table `segments`
--
ALTER TABLE `segments`
  MODIFY `id` int(11) NOT NULL AUTO_INCREMENT, AUTO_INCREMENT=9;

--
-- AUTO_INCREMENT for table `segment_comments`
--
ALTER TABLE `segment_comments`
  MODIFY `id` int(11) NOT NULL AUTO_INCREMENT, AUTO_INCREMENT=538;

--
-- AUTO_INCREMENT for table `tickets`
--
ALTER TABLE `tickets`
  MODIFY `id` int(11) NOT NULL AUTO_INCREMENT, AUTO_INCREMENT=33;

--
-- AUTO_INCREMENT for table `users`
--
ALTER TABLE `users`
  MODIFY `id` int(11) NOT NULL AUTO_INCREMENT, AUTO_INCREMENT=37;

--
-- Constraints for dumped tables
--

--
-- Constraints for table `activities`
--
ALTER TABLE `activities`
  ADD CONSTRAINT `activities_ibfk_1` FOREIGN KEY (`event_id`) REFERENCES `events` (`id`) ON DELETE CASCADE;

--
-- Constraints for table `awards`
--
ALTER TABLE `awards`
  ADD CONSTRAINT `awards_ibfk_1` FOREIGN KEY (`event_id`) REFERENCES `events` (`id`) ON DELETE CASCADE;

--
-- Constraints for table `award_winners`
--
ALTER TABLE `award_winners`
  ADD CONSTRAINT `award_winners_ibfk_1` FOREIGN KEY (`award_id`) REFERENCES `awards` (`id`) ON DELETE CASCADE,
  ADD CONSTRAINT `award_winners_ibfk_2` FOREIGN KEY (`contestant_id`) REFERENCES `contestant_details` (`id`) ON DELETE CASCADE;

--
-- Constraints for table `contestant_details`
--
ALTER TABLE `contestant_details`
  ADD CONSTRAINT `contestant_details_ibfk_1` FOREIGN KEY (`user_id`) REFERENCES `users` (`id`) ON DELETE CASCADE,
  ADD CONSTRAINT `contestant_details_ibfk_2` FOREIGN KEY (`event_id`) REFERENCES `events` (`id`) ON DELETE CASCADE;

--
-- Constraints for table `criteria`
--
ALTER TABLE `criteria`
  ADD CONSTRAINT `criteria_ibfk_1` FOREIGN KEY (`segment_id`) REFERENCES `segments` (`id`) ON DELETE CASCADE;

--
-- Constraints for table `events`
--
ALTER TABLE `events`
  ADD CONSTRAINT `events_ibfk_1` FOREIGN KEY (`user_id`) REFERENCES `users` (`id`);

--
-- Constraints for table `event_judges`
--
ALTER TABLE `event_judges`
  ADD CONSTRAINT `event_judges_ibfk_1` FOREIGN KEY (`event_id`) REFERENCES `events` (`id`) ON DELETE CASCADE,
  ADD CONSTRAINT `event_judges_ibfk_2` FOREIGN KEY (`judge_id`) REFERENCES `users` (`id`) ON DELETE CASCADE;

--
-- Constraints for table `event_organizers`
--
ALTER TABLE `event_organizers`
  ADD CONSTRAINT `event_organizers_ibfk_1` FOREIGN KEY (`event_id`) REFERENCES `events` (`id`) ON DELETE CASCADE,
  ADD CONSTRAINT `event_organizers_ibfk_2` FOREIGN KEY (`user_id`) REFERENCES `users` (`id`) ON DELETE CASCADE;

--
-- Constraints for table `judge_round_status`
--
ALTER TABLE `judge_round_status`
  ADD CONSTRAINT `judge_round_status_ibfk_1` FOREIGN KEY (`round_id`) REFERENCES `rounds` (`id`) ON DELETE CASCADE,
  ADD CONSTRAINT `judge_round_status_ibfk_2` FOREIGN KEY (`judge_id`) REFERENCES `users` (`id`) ON DELETE CASCADE;

--
-- Constraints for table `rounds`
--
ALTER TABLE `rounds`
  ADD CONSTRAINT `rounds_ibfk_1` FOREIGN KEY (`event_id`) REFERENCES `events` (`id`) ON DELETE CASCADE;

--
-- Constraints for table `round_rankings`
--
ALTER TABLE `round_rankings`
  ADD CONSTRAINT `round_rankings_ibfk_1` FOREIGN KEY (`round_id`) REFERENCES `rounds` (`id`) ON DELETE CASCADE,
  ADD CONSTRAINT `round_rankings_ibfk_2` FOREIGN KEY (`contestant_id`) REFERENCES `contestant_details` (`id`) ON DELETE CASCADE;

--
-- Constraints for table `scores`
--
ALTER TABLE `scores`
  ADD CONSTRAINT `scores_ibfk_1` FOREIGN KEY (`round_id`) REFERENCES `rounds` (`id`) ON DELETE CASCADE,
  ADD CONSTRAINT `scores_ibfk_2` FOREIGN KEY (`criteria_id`) REFERENCES `criteria` (`id`) ON DELETE CASCADE,
  ADD CONSTRAINT `scores_ibfk_4` FOREIGN KEY (`contestant_id`) REFERENCES `users` (`id`) ON DELETE CASCADE,
  ADD CONSTRAINT `scores_judge_fk` FOREIGN KEY (`judge_id`) REFERENCES `users` (`id`);

--
-- Constraints for table `segments`
--
ALTER TABLE `segments`
  ADD CONSTRAINT `segments_ibfk_1` FOREIGN KEY (`round_id`) REFERENCES `rounds` (`id`) ON DELETE CASCADE;

--
-- Constraints for table `segment_comments`
--
ALTER TABLE `segment_comments`
  ADD CONSTRAINT `fk_comment_contestant` FOREIGN KEY (`contestant_id`) REFERENCES `users` (`id`) ON DELETE CASCADE,
  ADD CONSTRAINT `fk_comment_judge` FOREIGN KEY (`judge_id`) REFERENCES `users` (`id`) ON DELETE CASCADE,
  ADD CONSTRAINT `fk_comment_round` FOREIGN KEY (`round_id`) REFERENCES `rounds` (`id`) ON DELETE CASCADE,
  ADD CONSTRAINT `fk_comment_segment` FOREIGN KEY (`segment_id`) REFERENCES `segments` (`id`) ON DELETE CASCADE;

--
-- Constraints for table `tickets`
--
ALTER TABLE `tickets`
  ADD CONSTRAINT `tickets_ibfk_1` FOREIGN KEY (`event_id`) REFERENCES `events` (`id`) ON DELETE CASCADE;
COMMIT;

/*!40101 SET CHARACTER_SET_CLIENT=@OLD_CHARACTER_SET_CLIENT */;
/*!40101 SET CHARACTER_SET_RESULTS=@OLD_CHARACTER_SET_RESULTS */;
/*!40101 SET COLLATION_CONNECTION=@OLD_COLLATION_CONNECTION */;
